{
  "ABIRoot": {
    "kind": "Root",
    "name": "TopLevel",
    "printedName": "TopLevel",
    "children": [
      {
        "kind": "Import",
        "name": "Foundation",
        "printedName": "Foundation",
        "declKind": "Import",
        "moduleName": "StaticFramework",
        "declAttributes": [
          "RawDocComment"
        ]
      },
      {
        "kind": "Import",
        "name": "StaticLibraryA",
        "printedName": "StaticLibraryA",
        "declKind": "Import",
        "moduleName": "StaticFramework",
        "declAttributes": [
          "AccessControl"
        ]
      },
      {
        "kind": "Import",
        "name": "StaticLibraryB",
        "printedName": "StaticLibraryB",
        "declKind": "Import",
        "moduleName": "StaticFramework",
        "declAttributes": [
          "AccessControl"
        ]
      },
      {
        "kind": "Import",
        "name": "StaticLibraryC",
        "printedName": "StaticLibraryC",
        "declKind": "Import",
        "moduleName": "StaticFramework",
        "declAttributes": [
          "AccessControl"
        ]
      },
      {
        "kind": "TypeDecl",
        "name": "StaticFrameworkClass",
        "printedName": "StaticFrameworkClass",
        "children": [
          {
            "kind": "Constructor",
            "name": "init",
            "printedName": "init()",
            "children": [
              {
                "kind": "TypeNominal",
                "name": "StaticFrameworkClass",
                "printedName": "StaticFramework.StaticFrameworkClass",
                "usr": "s:15StaticFramework0aB5ClassC"
              }
            ],
            "declKind": "Constructor",
            "usr": "s:15StaticFramework0aB5ClassCACycfc",
            "mangledName": "$s15StaticFramework0aB5ClassCACycfc",
            "moduleName": "StaticFramework",
            "declAttributes": [
              "AccessControl"
            ],
            "init_kind": "Designated"
          },
          {
            "kind": "Function",
            "name": "staticFrameworkFunction",
            "printedName": "staticFrameworkFunction()",
            "children": [
              {
                "kind": "TypeNominal",
                "name": "Void",
                "printedName": "()"
              }
            ],
            "declKind": "Func",
            "usr": "s:15StaticFramework0aB5ClassC06staticB8FunctionyyF",
            "mangledName": "$s15StaticFramework0aB5ClassC06staticB8FunctionyyF",
            "moduleName": "StaticFramework",
            "declAttributes": [
              "AccessControl"
            ],
            "funcSelfKind": "NonMutating"
          }
        ],
        "declKind": "Class",
        "usr": "s:15StaticFramework0aB5ClassC",
        "mangledName": "$s15StaticFramework0aB5ClassC",
        "moduleName": "StaticFramework",
        "declAttributes": [
          "AccessControl"
        ]
      }
    ],
    "json_format_version": 8
  },
  "ConstValues": []
}